File,aid,Date,0,1
BRDF_Albedo_Band_Mandatory_Quality_Band4_2012001_aid0001,aid0001,2012-01-01,22991,144802
BRDF_Albedo_Band_Mandatory_Quality_Band4_2012002_aid0001,aid0001,2012-01-02,25431,143206
BRDF_Albedo_Band_Mandatory_Quality_Band4_2012003_aid0001,aid0001,2012-01-03,19896,148634
BRDF_Albedo_Band_Mandatory_Quality_Band4_2012004_aid0001,aid0001,2012-01-04,16823,137288
BRDF_Albedo_Band_Mandatory_Quality_Band4_2012005_aid0001,aid0001,2012-01-05,17812,130308
BRDF_Albedo_Band_Mandatory_Quality_Band4_2012006_aid0001,aid0001,2012-01-06,19124,126956
BRDF_Albedo_Band_Mandatory_Quality_Band4_2012007_aid0001,aid0001,2012-01-07,28479,142474
BRDF_Albedo_Band_Mandatory_Quality_Band4_2012008_aid0001,aid0001,2012-01-08,44158,134559
BRDF_Albedo_Band_Mandatory_Quality_Band4_2012009_aid0001,aid0001,2012-01-09,70581,111341
BRDF_Albedo_Band_Mandatory_Quality_Band4_2012010_aid0001,aid0001,2012-01-10,84977,114984
BRDF_Albedo_Band_Mandatory_Quality_Band4_2012011_aid0001,aid0001,2012-01-11,90033,105497
BRDF_Albedo_Band_Mandatory_Quality_Band4_2012012_aid0001,aid0001,2012-01-12,78381,123918
BRDF_Albedo_Band_Mandatory_Quality_Band4_2012013_aid0001,aid0001,2012-01-13,79080,111812
BRDF_Albedo_Band_Mandatory_Quality_Band4_2012014_aid0001,aid0001,2012-01-14,79669,114163
BRDF_Albedo_Band_Mandatory_Quality_Band4_2012015_aid0001,aid0001,2012-01-15,81054,131049
BRDF_Albedo_Band_Mandatory_Quality_Band4_2012016_aid0001,aid0001,2012-01-16,79953,118269
BRDF_Albedo_Band_Mandatory_Quality_Band4_2012017_aid0001,aid0001,2012-01-17,80194,131220
BRDF_Albedo_Band_Mandatory_Quality_Band4_2012018_aid0001,aid0001,2012-01-18,80773,110078
BRDF_Albedo_Band_Mandatory_Quality_Band4_2012019_aid0001,aid0001,2012-01-19,73328,113482
BRDF_Albedo_Band_Mandatory_Quality_Band4_2012020_aid0001,aid0001,2012-01-20,69945,115178
BRDF_Albedo_Band_Mandatory_Quality_Band4_2012021_aid0001,aid0001,2012-01-21,61102,123525
BRDF_Albedo_Band_Mandatory_Quality_Band4_2012022_aid0001,aid0001,2012-01-22,54660,126107
BRDF_Albedo_Band_Mandatory_Quality_Band4_2012023_aid0001,aid0001,2012-01-23,38815,137882
BRDF_Albedo_Band_Mandatory_Quality_Band4_2012024_aid0001,aid0001,2012-01-24,17441,151465
BRDF_Albedo_Band_Mandatory_Quality_Band4_2012025_aid0001,aid0001,2012-01-25,10559,142874
BRDF_Albedo_Band_Mandatory_Quality_Band4_2012026_aid0001,aid0001,2012-01-26,7609,118148
BRDF_Albedo_Band_Mandatory_Quality_Band4_2012027_aid0001,aid0001,2012-01-27,3879,83955
BRDF_Albedo_Band_Mandatory_Quality_Band4_2012028_aid0001,aid0001,2012-01-28,4131,119616
BRDF_Albedo_Band_Mandatory_Quality_Band4_2012029_aid0001,aid0001,2012-01-29,4963,137527
BRDF_Albedo_Band_Mandatory_Quality_Band4_2012030_aid0001,aid0001,2012-01-30,7093,147922
BRDF_Albedo_Band_Mandatory_Quality_Band4_2012031_aid0001,aid0001,2012-01-31,6739,146832
BRDF_Albedo_Band_Mandatory_Quality_Band4_2012032_aid0001,aid0001,2012-02-01,7391,145071
BRDF_Albedo_Band_Mandatory_Quality_Band4_2012033_aid0001,aid0001,2012-02-02,11424,145671
BRDF_Albedo_Band_Mandatory_Quality_Band4_2012034_aid0001,aid0001,2012-02-03,13333,146036
BRDF_Albedo_Band_Mandatory_Quality_Band4_2012035_aid0001,aid0001,2012-02-04,13169,143747
BRDF_Albedo_Band_Mandatory_Quality_Band4_2012036_aid0001,aid0001,2012-02-05,16371,145536
BRDF_Albedo_Band_Mandatory_Quality_Band4_2012037_aid0001,aid0001,2012-02-06,18617,149711
BRDF_Albedo_Band_Mandatory_Quality_Band4_2012038_aid0001,aid0001,2012-02-07,20318,141060
BRDF_Albedo_Band_Mandatory_Quality_Band4_2012039_aid0001,aid0001,2012-02-08,22445,142923
BRDF_Albedo_Band_Mandatory_Quality_Band4_2012040_aid0001,aid0001,2012-02-09,22989,145716
BRDF_Albedo_Band_Mandatory_Quality_Band4_2012041_aid0001,aid0001,2012-02-10,26898,146438
BRDF_Albedo_Band_Mandatory_Quality_Band4_2012042_aid0001,aid0001,2012-02-11,46759,138357
BRDF_Albedo_Band_Mandatory_Quality_Band4_2012043_aid0001,aid0001,2012-02-12,44351,141047
BRDF_Albedo_Band_Mandatory_Quality_Band4_2012044_aid0001,aid0001,2012-02-13,33615,143918
BRDF_Albedo_Band_Mandatory_Quality_Band4_2012045_aid0001,aid0001,2012-02-14,37602,149238
BRDF_Albedo_Band_Mandatory_Quality_Band4_2012046_aid0001,aid0001,2012-02-15,44112,140258
BRDF_Albedo_Band_Mandatory_Quality_Band4_2012047_aid0001,aid0001,2012-02-16,42224,145146
BRDF_Albedo_Band_Mandatory_Quality_Band4_2012048_aid0001,aid0001,2012-02-17,53079,146772
BRDF_Albedo_Band_Mandatory_Quality_Band4_2012049_aid0001,aid0001,2012-02-18,53352,153875
BRDF_Albedo_Band_Mandatory_Quality_Band4_2012050_aid0001,aid0001,2012-02-19,58557,132460
BRDF_Albedo_Band_Mandatory_Quality_Band4_2012051_aid0001,aid0001,2012-02-20,70345,128111
BRDF_Albedo_Band_Mandatory_Quality_Band4_2012052_aid0001,aid0001,2012-02-21,72745,131536
BRDF_Albedo_Band_Mandatory_Quality_Band4_2012053_aid0001,aid0001,2012-02-22,84969,125676
BRDF_Albedo_Band_Mandatory_Quality_Band4_2012054_aid0001,aid0001,2012-02-23,93169,111220
BRDF_Albedo_Band_Mandatory_Quality_Band4_2012055_aid0001,aid0001,2012-02-24,103598,114619
BRDF_Albedo_Band_Mandatory_Quality_Band4_2012056_aid0001,aid0001,2012-02-25,111842,97640
BRDF_Albedo_Band_Mandatory_Quality_Band4_2012057_aid0001,aid0001,2012-02-26,121272,88433
BRDF_Albedo_Band_Mandatory_Quality_Band4_2012058_aid0001,aid0001,2012-02-27,108651,110522
BRDF_Albedo_Band_Mandatory_Quality_Band4_2012059_aid0001,aid0001,2012-02-28,117109,97285
BRDF_Albedo_Band_Mandatory_Quality_Band4_2012060_aid0001,aid0001,2012-02-29,116362,105217
BRDF_Albedo_Band_Mandatory_Quality_Band4_2012061_aid0001,aid0001,2012-03-01,114838,105105
BRDF_Albedo_Band_Mandatory_Quality_Band4_2012062_aid0001,aid0001,2012-03-02,116662,99566
BRDF_Albedo_Band_Mandatory_Quality_Band4_2012063_aid0001,aid0001,2012-03-03,122737,92753
BRDF_Albedo_Band_Mandatory_Quality_Band4_2012064_aid0001,aid0001,2012-03-04,122486,91173
BRDF_Albedo_Band_Mandatory_Quality_Band4_2012065_aid0001,aid0001,2012-03-05,122077,87157
BRDF_Albedo_Band_Mandatory_Quality_Band4_2012066_aid0001,aid0001,2012-03-06,130855,81194
BRDF_Albedo_Band_Mandatory_Quality_Band4_2012067_aid0001,aid0001,2012-03-07,134061,81388
BRDF_Albedo_Band_Mandatory_Quality_Band4_2012068_aid0001,aid0001,2012-03-08,138799,76200
BRDF_Albedo_Band_Mandatory_Quality_Band4_2012069_aid0001,aid0001,2012-03-09,140676,75512
BRDF_Albedo_Band_Mandatory_Quality_Band4_2012070_aid0001,aid0001,2012-03-10,137521,79811
BRDF_Albedo_Band_Mandatory_Quality_Band4_2012071_aid0001,aid0001,2012-03-11,133413,83165
BRDF_Albedo_Band_Mandatory_Quality_Band4_2012072_aid0001,aid0001,2012-03-12,129092,87003
BRDF_Albedo_Band_Mandatory_Quality_Band4_2012073_aid0001,aid0001,2012-03-13,127596,91447
BRDF_Albedo_Band_Mandatory_Quality_Band4_2012074_aid0001,aid0001,2012-03-14,135829,89772
BRDF_Albedo_Band_Mandatory_Quality_Band4_2012075_aid0001,aid0001,2012-03-15,139726,81819
BRDF_Albedo_Band_Mandatory_Quality_Band4_2012076_aid0001,aid0001,2012-03-16,142249,83175
BRDF_Albedo_Band_Mandatory_Quality_Band4_2012077_aid0001,aid0001,2012-03-17,147308,75574
BRDF_Albedo_Band_Mandatory_Quality_Band4_2012078_aid0001,aid0001,2012-03-18,146154,75941
BRDF_Albedo_Band_Mandatory_Quality_Band4_2012079_aid0001,aid0001,2012-03-19,142456,77555
BRDF_Albedo_Band_Mandatory_Quality_Band4_2012080_aid0001,aid0001,2012-03-20,145199,76621
BRDF_Albedo_Band_Mandatory_Quality_Band4_2012081_aid0001,aid0001,2012-03-21,153974,74799
BRDF_Albedo_Band_Mandatory_Quality_Band4_2012082_aid0001,aid0001,2012-03-22,157265,70383
BRDF_Albedo_Band_Mandatory_Quality_Band4_2012083_aid0001,aid0001,2012-03-23,155088,70662
BRDF_Albedo_Band_Mandatory_Quality_Band4_2012084_aid0001,aid0001,2012-03-24,156087,69884
BRDF_Albedo_Band_Mandatory_Quality_Band4_2012085_aid0001,aid0001,2012-03-25,153095,68759
BRDF_Albedo_Band_Mandatory_Quality_Band4_2012086_aid0001,aid0001,2012-03-26,156941,67414
BRDF_Albedo_Band_Mandatory_Quality_Band4_2012087_aid0001,aid0001,2012-03-27,157338,65915
BRDF_Albedo_Band_Mandatory_Quality_Band4_2012088_aid0001,aid0001,2012-03-28,155415,67305
BRDF_Albedo_Band_Mandatory_Quality_Band4_2012089_aid0001,aid0001,2012-03-29,157899,63778
BRDF_Albedo_Band_Mandatory_Quality_Band4_2012090_aid0001,aid0001,2012-03-30,151938,67356
BRDF_Albedo_Band_Mandatory_Quality_Band4_2012091_aid0001,aid0001,2012-03-31,151202,67326
BRDF_Albedo_Band_Mandatory_Quality_Band4_2012092_aid0001,aid0001,2012-04-01,144929,68166
BRDF_Albedo_Band_Mandatory_Quality_Band4_2012093_aid0001,aid0001,2012-04-02,142808,69102
BRDF_Albedo_Band_Mandatory_Quality_Band4_2012094_aid0001,aid0001,2012-04-03,141797,69840
BRDF_Albedo_Band_Mandatory_Quality_Band4_2012095_aid0001,aid0001,2012-04-04,135802,71361
BRDF_Albedo_Band_Mandatory_Quality_Band4_2012096_aid0001,aid0001,2012-04-05,127206,74499
BRDF_Albedo_Band_Mandatory_Quality_Band4_2012097_aid0001,aid0001,2012-04-06,62831,121817
BRDF_Albedo_Band_Mandatory_Quality_Band4_2012098_aid0001,aid0001,2012-04-07,32561,145467
BRDF_Albedo_Band_Mandatory_Quality_Band4_2012099_aid0001,aid0001,2012-04-08,13112,156089
BRDF_Albedo_Band_Mandatory_Quality_Band4_2012100_aid0001,aid0001,2012-04-09,2197,156979
BRDF_Albedo_Band_Mandatory_Quality_Band4_2012101_aid0001,aid0001,2012-04-10,4319,152036
BRDF_Albedo_Band_Mandatory_Quality_Band4_2012102_aid0001,aid0001,2012-04-11,4280,42968
BRDF_Albedo_Band_Mandatory_Quality_Band4_2012103_aid0001,aid0001,2012-04-12,4265,42102
BRDF_Albedo_Band_Mandatory_Quality_Band4_2012104_aid0001,aid0001,2012-04-13,4713,43864
BRDF_Albedo_Band_Mandatory_Quality_Band4_2012105_aid0001,aid0001,2012-04-14,6500,42908
BRDF_Albedo_Band_Mandatory_Quality_Band4_2012106_aid0001,aid0001,2012-04-15,8930,49371
BRDF_Albedo_Band_Mandatory_Quality_Band4_2012107_aid0001,aid0001,2012-04-16,8887,65213
BRDF_Albedo_Band_Mandatory_Quality_Band4_2012108_aid0001,aid0001,2012-04-17,3096,71729
BRDF_Albedo_Band_Mandatory_Quality_Band4_2012109_aid0001,aid0001,2012-04-18,2045,61759
BRDF_Albedo_Band_Mandatory_Quality_Band4_2012110_aid0001,aid0001,2012-04-19,2147,101088
BRDF_Albedo_Band_Mandatory_Quality_Band4_2012111_aid0001,aid0001,2012-04-20,6548,108847
BRDF_Albedo_Band_Mandatory_Quality_Band4_2012112_aid0001,aid0001,2012-04-21,12397,112475
BRDF_Albedo_Band_Mandatory_Quality_Band4_2012113_aid0001,aid0001,2012-04-22,19518,123526
BRDF_Albedo_Band_Mandatory_Quality_Band4_2012114_aid0001,aid0001,2012-04-23,22314,123336
BRDF_Albedo_Band_Mandatory_Quality_Band4_2012115_aid0001,aid0001,2012-04-24,22469,123092
BRDF_Albedo_Band_Mandatory_Quality_Band4_2012116_aid0001,aid0001,2012-04-25,25066,122931
BRDF_Albedo_Band_Mandatory_Quality_Band4_2012117_aid0001,aid0001,2012-04-26,37798,112296
BRDF_Albedo_Band_Mandatory_Quality_Band4_2012118_aid0001,aid0001,2012-04-27,50916,111664
BRDF_Albedo_Band_Mandatory_Quality_Band4_2012119_aid0001,aid0001,2012-04-28,53312,111295
BRDF_Albedo_Band_Mandatory_Quality_Band4_2012120_aid0001,aid0001,2012-04-29,54013,109964
BRDF_Albedo_Band_Mandatory_Quality_Band4_2012121_aid0001,aid0001,2012-04-30,57632,108769
BRDF_Albedo_Band_Mandatory_Quality_Band4_2012122_aid0001,aid0001,2012-05-01,50765,113601
BRDF_Albedo_Band_Mandatory_Quality_Band4_2012123_aid0001,aid0001,2012-05-02,49569,113136
BRDF_Albedo_Band_Mandatory_Quality_Band4_2012124_aid0001,aid0001,2012-05-03,66312,98361
BRDF_Albedo_Band_Mandatory_Quality_Band4_2012125_aid0001,aid0001,2012-05-04,76100,99069
BRDF_Albedo_Band_Mandatory_Quality_Band4_2012126_aid0001,aid0001,2012-05-05,70998,98718
BRDF_Albedo_Band_Mandatory_Quality_Band4_2012127_aid0001,aid0001,2012-05-06,65886,104574
BRDF_Albedo_Band_Mandatory_Quality_Band4_2012128_aid0001,aid0001,2012-05-07,76172,113434
BRDF_Albedo_Band_Mandatory_Quality_Band4_2012129_aid0001,aid0001,2012-05-08,55239,134956
BRDF_Albedo_Band_Mandatory_Quality_Band4_2012130_aid0001,aid0001,2012-05-09,57809,132176
BRDF_Albedo_Band_Mandatory_Quality_Band4_2012131_aid0001,aid0001,2012-05-10,130900,70388
BRDF_Albedo_Band_Mandatory_Quality_Band4_2012132_aid0001,aid0001,2012-05-11,130828,71740
BRDF_Albedo_Band_Mandatory_Quality_Band4_2012133_aid0001,aid0001,2012-05-12,130494,71974
BRDF_Albedo_Band_Mandatory_Quality_Band4_2012134_aid0001,aid0001,2012-05-13,127728,73342
BRDF_Albedo_Band_Mandatory_Quality_Band4_2012135_aid0001,aid0001,2012-05-14,126172,74550
BRDF_Albedo_Band_Mandatory_Quality_Band4_2012136_aid0001,aid0001,2012-05-15,126815,73383
BRDF_Albedo_Band_Mandatory_Quality_Band4_2012137_aid0001,aid0001,2012-05-16,124106,73166
BRDF_Albedo_Band_Mandatory_Quality_Band4_2012138_aid0001,aid0001,2012-05-17,137664,62346
BRDF_Albedo_Band_Mandatory_Quality_Band4_2012139_aid0001,aid0001,2012-05-18,143936,59124
BRDF_Albedo_Band_Mandatory_Quality_Band4_2012140_aid0001,aid0001,2012-05-19,147661,57097
BRDF_Albedo_Band_Mandatory_Quality_Band4_2012141_aid0001,aid0001,2012-05-20,144627,59653
BRDF_Albedo_Band_Mandatory_Quality_Band4_2012142_aid0001,aid0001,2012-05-21,146438,59861
BRDF_Albedo_Band_Mandatory_Quality_Band4_2012143_aid0001,aid0001,2012-05-22,147936,57379
BRDF_Albedo_Band_Mandatory_Quality_Band4_2012144_aid0001,aid0001,2012-05-23,144191,56582
BRDF_Albedo_Band_Mandatory_Quality_Band4_2012145_aid0001,aid0001,2012-05-24,142846,56027
BRDF_Albedo_Band_Mandatory_Quality_Band4_2012146_aid0001,aid0001,2012-05-25,142985,55937
BRDF_Albedo_Band_Mandatory_Quality_Band4_2012147_aid0001,aid0001,2012-05-26,145312,62306
BRDF_Albedo_Band_Mandatory_Quality_Band4_2012148_aid0001,aid0001,2012-05-27,144365,62286
BRDF_Albedo_Band_Mandatory_Quality_Band4_2012149_aid0001,aid0001,2012-05-28,144570,61909
BRDF_Albedo_Band_Mandatory_Quality_Band4_2012150_aid0001,aid0001,2012-05-29,150734,62162
BRDF_Albedo_Band_Mandatory_Quality_Band4_2012151_aid0001,aid0001,2012-05-30,150489,62149
BRDF_Albedo_Band_Mandatory_Quality_Band4_2012152_aid0001,aid0001,2012-05-31,152546,61039
BRDF_Albedo_Band_Mandatory_Quality_Band4_2012153_aid0001,aid0001,2012-06-01,151374,62013
BRDF_Albedo_Band_Mandatory_Quality_Band4_2012154_aid0001,aid0001,2012-06-02,134616,77706
BRDF_Albedo_Band_Mandatory_Quality_Band4_2012155_aid0001,aid0001,2012-06-03,126956,82470
BRDF_Albedo_Band_Mandatory_Quality_Band4_2012156_aid0001,aid0001,2012-06-04,111396,97593
BRDF_Albedo_Band_Mandatory_Quality_Band4_2012157_aid0001,aid0001,2012-06-05,107217,101684
BRDF_Albedo_Band_Mandatory_Quality_Band4_2012158_aid0001,aid0001,2012-06-06,97732,111115
BRDF_Albedo_Band_Mandatory_Quality_Band4_2012159_aid0001,aid0001,2012-06-07,99235,110892
BRDF_Albedo_Band_Mandatory_Quality_Band4_2012160_aid0001,aid0001,2012-06-08,100273,112328
BRDF_Albedo_Band_Mandatory_Quality_Band4_2012161_aid0001,aid0001,2012-06-09,147826,74327
BRDF_Albedo_Band_Mandatory_Quality_Band4_2012162_aid0001,aid0001,2012-06-10,160733,65768
BRDF_Albedo_Band_Mandatory_Quality_Band4_2012163_aid0001,aid0001,2012-06-11,148480,70579
BRDF_Albedo_Band_Mandatory_Quality_Band4_2012164_aid0001,aid0001,2012-06-12,150177,69364
BRDF_Albedo_Band_Mandatory_Quality_Band4_2012165_aid0001,aid0001,2012-06-13,149107,70510
BRDF_Albedo_Band_Mandatory_Quality_Band4_2012166_aid0001,aid0001,2012-06-14,147391,67345
BRDF_Albedo_Band_Mandatory_Quality_Band4_2012167_aid0001,aid0001,2012-06-15,153937,66985
BRDF_Albedo_Band_Mandatory_Quality_Band4_2012168_aid0001,aid0001,2012-06-16,159186,65957
BRDF_Albedo_Band_Mandatory_Quality_Band4_2012169_aid0001,aid0001,2012-06-17,159097,66064
BRDF_Albedo_Band_Mandatory_Quality_Band4_2012170_aid0001,aid0001,2012-06-18,160049,64834
BRDF_Albedo_Band_Mandatory_Quality_Band4_2012171_aid0001,aid0001,2012-06-19,159139,65762
BRDF_Albedo_Band_Mandatory_Quality_Band4_2012172_aid0001,aid0001,2012-06-20,173442,55326
BRDF_Albedo_Band_Mandatory_Quality_Band4_2012173_aid0001,aid0001,2012-06-21,174458,54685
BRDF_Albedo_Band_Mandatory_Quality_Band4_2012174_aid0001,aid0001,2012-06-22,177878,53532
BRDF_Albedo_Band_Mandatory_Quality_Band4_2012175_aid0001,aid0001,2012-06-23,179879,54129
BRDF_Albedo_Band_Mandatory_Quality_Band4_2012176_aid0001,aid0001,2012-06-24,176691,56689
BRDF_Albedo_Band_Mandatory_Quality_Band4_2012177_aid0001,aid0001,2012-06-25,158272,69919
BRDF_Albedo_Band_Mandatory_Quality_Band4_2012178_aid0001,aid0001,2012-06-26,145400,77837
BRDF_Albedo_Band_Mandatory_Quality_Band4_2012179_aid0001,aid0001,2012-06-27,91222,131288
BRDF_Albedo_Band_Mandatory_Quality_Band4_2012180_aid0001,aid0001,2012-06-28,90327,131137
BRDF_Albedo_Band_Mandatory_Quality_Band4_2012181_aid0001,aid0001,2012-06-29,89577,131743
BRDF_Albedo_Band_Mandatory_Quality_Band4_2012182_aid0001,aid0001,2012-06-30,89612,133557
BRDF_Albedo_Band_Mandatory_Quality_Band4_2012183_aid0001,aid0001,2012-07-01,78157,138483
BRDF_Albedo_Band_Mandatory_Quality_Band4_2012184_aid0001,aid0001,2012-07-02,55077,161578
BRDF_Albedo_Band_Mandatory_Quality_Band4_2012185_aid0001,aid0001,2012-07-03,57730,159674
BRDF_Albedo_Band_Mandatory_Quality_Band4_2012186_aid0001,aid0001,2012-07-04,67178,151093
BRDF_Albedo_Band_Mandatory_Quality_Band4_2012187_aid0001,aid0001,2012-07-05,72480,158433
BRDF_Albedo_Band_Mandatory_Quality_Band4_2012188_aid0001,aid0001,2012-07-06,49104,177293
BRDF_Albedo_Band_Mandatory_Quality_Band4_2012189_aid0001,aid0001,2012-07-07,51258,176895
BRDF_Albedo_Band_Mandatory_Quality_Band4_2012190_aid0001,aid0001,2012-07-08,46471,178265
BRDF_Albedo_Band_Mandatory_Quality_Band4_2012191_aid0001,aid0001,2012-07-09,52034,168006
BRDF_Albedo_Band_Mandatory_Quality_Band4_2012192_aid0001,aid0001,2012-07-10,61666,167559
BRDF_Albedo_Band_Mandatory_Quality_Band4_2012193_aid0001,aid0001,2012-07-11,157972,90358
BRDF_Albedo_Band_Mandatory_Quality_Band4_2012194_aid0001,aid0001,2012-07-12,160141,88110
BRDF_Albedo_Band_Mandatory_Quality_Band4_2012195_aid0001,aid0001,2012-07-13,160950,87336
BRDF_Albedo_Band_Mandatory_Quality_Band4_2012196_aid0001,aid0001,2012-07-14,160198,88063
BRDF_Albedo_Band_Mandatory_Quality_Band4_2012197_aid0001,aid0001,2012-07-15,167776,80731
BRDF_Albedo_Band_Mandatory_Quality_Band4_2012198_aid0001,aid0001,2012-07-16,187294,63424
BRDF_Albedo_Band_Mandatory_Quality_Band4_2012199_aid0001,aid0001,2012-07-17,204046,47281
BRDF_Albedo_Band_Mandatory_Quality_Band4_2012200_aid0001,aid0001,2012-07-18,212495,38983
BRDF_Albedo_Band_Mandatory_Quality_Band4_2012201_aid0001,aid0001,2012-07-19,218839,34315
BRDF_Albedo_Band_Mandatory_Quality_Band4_2012202_aid0001,aid0001,2012-07-20,229463,25624
BRDF_Albedo_Band_Mandatory_Quality_Band4_2012203_aid0001,aid0001,2012-07-21,227736,26973
BRDF_Albedo_Band_Mandatory_Quality_Band4_2012204_aid0001,aid0001,2012-07-22,228059,26793
BRDF_Albedo_Band_Mandatory_Quality_Band4_2012205_aid0001,aid0001,2012-07-23,228483,26414
BRDF_Albedo_Band_Mandatory_Quality_Band4_2012206_aid0001,aid0001,2012-07-24,229618,25756
BRDF_Albedo_Band_Mandatory_Quality_Band4_2012207_aid0001,aid0001,2012-07-25,230125,25452
BRDF_Albedo_Band_Mandatory_Quality_Band4_2012208_aid0001,aid0001,2012-07-26,229429,25974
BRDF_Albedo_Band_Mandatory_Quality_Band4_2012209_aid0001,aid0001,2012-07-27,214288,38060
BRDF_Albedo_Band_Mandatory_Quality_Band4_2012210_aid0001,aid0001,2012-07-28,214278,38095
BRDF_Albedo_Band_Mandatory_Quality_Band4_2012211_aid0001,aid0001,2012-07-29,214213,38250
BRDF_Albedo_Band_Mandatory_Quality_Band4_2012212_aid0001,aid0001,2012-07-30,212825,39565
BRDF_Albedo_Band_Mandatory_Quality_Band4_2012213_aid0001,aid0001,2012-07-31,222956,31633
BRDF_Albedo_Band_Mandatory_Quality_Band4_2012214_aid0001,aid0001,2012-08-01,222415,32669
BRDF_Albedo_Band_Mandatory_Quality_Band4_2012215_aid0001,aid0001,2012-08-02,218811,35742
BRDF_Albedo_Band_Mandatory_Quality_Band4_2012216_aid0001,aid0001,2012-08-03,221564,33481
BRDF_Albedo_Band_Mandatory_Quality_Band4_2012217_aid0001,aid0001,2012-08-04,219080,36289
BRDF_Albedo_Band_Mandatory_Quality_Band4_2012218_aid0001,aid0001,2012-08-05,178209,75883
BRDF_Albedo_Band_Mandatory_Quality_Band4_2012219_aid0001,aid0001,2012-08-06,179276,74896
BRDF_Albedo_Band_Mandatory_Quality_Band4_2012220_aid0001,aid0001,2012-08-07,179532,74773
BRDF_Albedo_Band_Mandatory_Quality_Band4_2012221_aid0001,aid0001,2012-08-08,181481,73263
BRDF_Albedo_Band_Mandatory_Quality_Band4_2012222_aid0001,aid0001,2012-08-09,181812,72805
BRDF_Albedo_Band_Mandatory_Quality_Band4_2012223_aid0001,aid0001,2012-08-10,193068,62810
BRDF_Albedo_Band_Mandatory_Quality_Band4_2012224_aid0001,aid0001,2012-08-11,199964,56659
BRDF_Albedo_Band_Mandatory_Quality_Band4_2012225_aid0001,aid0001,2012-08-12,240082,18013
BRDF_Albedo_Band_Mandatory_Quality_Band4_2012226_aid0001,aid0001,2012-08-13,241037,17167
BRDF_Albedo_Band_Mandatory_Quality_Band4_2012227_aid0001,aid0001,2012-08-14,243354,15079
BRDF_Albedo_Band_Mandatory_Quality_Band4_2012228_aid0001,aid0001,2012-08-15,243202,15214
BRDF_Albedo_Band_Mandatory_Quality_Band4_2012229_aid0001,aid0001,2012-08-16,240434,17810
BRDF_Albedo_Band_Mandatory_Quality_Band4_2012230_aid0001,aid0001,2012-08-17,237972,20092
BRDF_Albedo_Band_Mandatory_Quality_Band4_2012231_aid0001,aid0001,2012-08-18,237948,20057
BRDF_Albedo_Band_Mandatory_Quality_Band4_2012232_aid0001,aid0001,2012-08-19,239559,18160
BRDF_Albedo_Band_Mandatory_Quality_Band4_2012233_aid0001,aid0001,2012-08-20,241264,16305
BRDF_Albedo_Band_Mandatory_Quality_Band4_2012234_aid0001,aid0001,2012-08-21,242525,15299
BRDF_Albedo_Band_Mandatory_Quality_Band4_2012235_aid0001,aid0001,2012-08-22,241162,16410
BRDF_Albedo_Band_Mandatory_Quality_Band4_2012236_aid0001,aid0001,2012-08-23,242550,15214
BRDF_Albedo_Band_Mandatory_Quality_Band4_2012237_aid0001,aid0001,2012-08-24,242164,15276
BRDF_Albedo_Band_Mandatory_Quality_Band4_2012238_aid0001,aid0001,2012-08-25,241305,15959
BRDF_Albedo_Band_Mandatory_Quality_Band4_2012239_aid0001,aid0001,2012-08-26,238289,18411
BRDF_Albedo_Band_Mandatory_Quality_Band4_2012240_aid0001,aid0001,2012-08-27,233726,22059
BRDF_Albedo_Band_Mandatory_Quality_Band4_2012241_aid0001,aid0001,2012-08-28,161075,90917
BRDF_Albedo_Band_Mandatory_Quality_Band4_2012242_aid0001,aid0001,2012-08-29,135041,115540
BRDF_Albedo_Band_Mandatory_Quality_Band4_2012243_aid0001,aid0001,2012-08-30,114609,137148
BRDF_Albedo_Band_Mandatory_Quality_Band4_2012244_aid0001,aid0001,2012-08-31,130962,120128
BRDF_Albedo_Band_Mandatory_Quality_Band4_2012245_aid0001,aid0001,2012-09-01,198226,52663
BRDF_Albedo_Band_Mandatory_Quality_Band4_2012246_aid0001,aid0001,2012-09-02,221772,29600
BRDF_Albedo_Band_Mandatory_Quality_Band4_2012247_aid0001,aid0001,2012-09-03,224379,27490
BRDF_Albedo_Band_Mandatory_Quality_Band4_2012248_aid0001,aid0001,2012-09-04,223792,28721
BRDF_Albedo_Band_Mandatory_Quality_Band4_2012249_aid0001,aid0001,2012-09-05,200496,51004
BRDF_Albedo_Band_Mandatory_Quality_Band4_2012250_aid0001,aid0001,2012-09-06,200776,51075
BRDF_Albedo_Band_Mandatory_Quality_Band4_2012251_aid0001,aid0001,2012-09-07,191198,61818
BRDF_Albedo_Band_Mandatory_Quality_Band4_2012252_aid0001,aid0001,2012-09-08,204254,49833
BRDF_Albedo_Band_Mandatory_Quality_Band4_2012253_aid0001,aid0001,2012-09-09,208219,46535
BRDF_Albedo_Band_Mandatory_Quality_Band4_2012254_aid0001,aid0001,2012-09-10,209120,45887
BRDF_Albedo_Band_Mandatory_Quality_Band4_2012255_aid0001,aid0001,2012-09-11,210444,44493
BRDF_Albedo_Band_Mandatory_Quality_Band4_2012256_aid0001,aid0001,2012-09-12,208883,44093
BRDF_Albedo_Band_Mandatory_Quality_Band4_2012257_aid0001,aid0001,2012-09-13,235823,15216
BRDF_Albedo_Band_Mandatory_Quality_Band4_2012258_aid0001,aid0001,2012-09-14,237041,14012
BRDF_Albedo_Band_Mandatory_Quality_Band4_2012259_aid0001,aid0001,2012-09-15,238925,14461
BRDF_Albedo_Band_Mandatory_Quality_Band4_2012260_aid0001,aid0001,2012-09-16,238508,15417
BRDF_Albedo_Band_Mandatory_Quality_Band4_2012261_aid0001,aid0001,2012-09-17,234950,17962
BRDF_Albedo_Band_Mandatory_Quality_Band4_2012262_aid0001,aid0001,2012-09-18,232362,19691
BRDF_Albedo_Band_Mandatory_Quality_Band4_2012263_aid0001,aid0001,2012-09-19,226735,23486
BRDF_Albedo_Band_Mandatory_Quality_Band4_2012264_aid0001,aid0001,2012-09-20,229645,21174
BRDF_Albedo_Band_Mandatory_Quality_Band4_2012265_aid0001,aid0001,2012-09-21,231101,20140
BRDF_Albedo_Band_Mandatory_Quality_Band4_2012266_aid0001,aid0001,2012-09-22,230558,20760
BRDF_Albedo_Band_Mandatory_Quality_Band4_2012267_aid0001,aid0001,2012-09-23,218977,31880
BRDF_Albedo_Band_Mandatory_Quality_Band4_2012268_aid0001,aid0001,2012-09-24,190480,58446
BRDF_Albedo_Band_Mandatory_Quality_Band4_2012269_aid0001,aid0001,2012-09-25,182710,65235
BRDF_Albedo_Band_Mandatory_Quality_Band4_2012270_aid0001,aid0001,2012-09-26,160148,85535
BRDF_Albedo_Band_Mandatory_Quality_Band4_2012271_aid0001,aid0001,2012-09-27,154187,91189
BRDF_Albedo_Band_Mandatory_Quality_Band4_2012272_aid0001,aid0001,2012-09-28,164377,82292
BRDF_Albedo_Band_Mandatory_Quality_Band4_2012273_aid0001,aid0001,2012-09-29,82418,152983
BRDF_Albedo_Band_Mandatory_Quality_Band4_2012274_aid0001,aid0001,2012-09-30,41303,189223
BRDF_Albedo_Band_Mandatory_Quality_Band4_2012275_aid0001,aid0001,2012-10-01,42703,187398
BRDF_Albedo_Band_Mandatory_Quality_Band4_2012276_aid0001,aid0001,2012-10-02,31198,201150
BRDF_Albedo_Band_Mandatory_Quality_Band4_2012277_aid0001,aid0001,2012-10-03,31523,201157
BRDF_Albedo_Band_Mandatory_Quality_Band4_2012278_aid0001,aid0001,2012-10-04,34499,198314
BRDF_Albedo_Band_Mandatory_Quality_Band4_2012279_aid0001,aid0001,2012-10-05,33945,198640
BRDF_Albedo_Band_Mandatory_Quality_Band4_2012280_aid0001,aid0001,2012-10-06,24581,206099
BRDF_Albedo_Band_Mandatory_Quality_Band4_2012281_aid0001,aid0001,2012-10-07,9256,184279
BRDF_Albedo_Band_Mandatory_Quality_Band4_2012282_aid0001,aid0001,2012-10-08,9158,184376
BRDF_Albedo_Band_Mandatory_Quality_Band4_2012283_aid0001,aid0001,2012-10-09,12450,204052
BRDF_Albedo_Band_Mandatory_Quality_Band4_2012284_aid0001,aid0001,2012-10-10,12636,204068
BRDF_Albedo_Band_Mandatory_Quality_Band4_2012285_aid0001,aid0001,2012-10-11,6623,178447
BRDF_Albedo_Band_Mandatory_Quality_Band4_2012286_aid0001,aid0001,2012-10-12,13792,198059
BRDF_Albedo_Band_Mandatory_Quality_Band4_2012287_aid0001,aid0001,2012-10-13,40884,171384
BRDF_Albedo_Band_Mandatory_Quality_Band4_2012288_aid0001,aid0001,2012-10-14,64226,143686
BRDF_Albedo_Band_Mandatory_Quality_Band4_2012289_aid0001,aid0001,2012-10-15,111782,98277
BRDF_Albedo_Band_Mandatory_Quality_Band4_2012290_aid0001,aid0001,2012-10-16,131010,84626
BRDF_Albedo_Band_Mandatory_Quality_Band4_2012291_aid0001,aid0001,2012-10-17,149104,75651
BRDF_Albedo_Band_Mandatory_Quality_Band4_2012292_aid0001,aid0001,2012-10-18,168430,65465
BRDF_Albedo_Band_Mandatory_Quality_Band4_2012293_aid0001,aid0001,2012-10-19,171728,66482
BRDF_Albedo_Band_Mandatory_Quality_Band4_2012294_aid0001,aid0001,2012-10-20,170768,69402
BRDF_Albedo_Band_Mandatory_Quality_Band4_2012295_aid0001,aid0001,2012-10-21,170748,70544
BRDF_Albedo_Band_Mandatory_Quality_Band4_2012296_aid0001,aid0001,2012-10-22,174289,68363
BRDF_Albedo_Band_Mandatory_Quality_Band4_2012297_aid0001,aid0001,2012-10-23,182272,60766
BRDF_Albedo_Band_Mandatory_Quality_Band4_2012298_aid0001,aid0001,2012-10-24,182735,59933
BRDF_Albedo_Band_Mandatory_Quality_Band4_2012299_aid0001,aid0001,2012-10-25,164337,78549
BRDF_Albedo_Band_Mandatory_Quality_Band4_2012300_aid0001,aid0001,2012-10-26,167233,66293
BRDF_Albedo_Band_Mandatory_Quality_Band4_2012301_aid0001,aid0001,2012-10-27,147048,77781
BRDF_Albedo_Band_Mandatory_Quality_Band4_2012302_aid0001,aid0001,2012-10-28,76108,115315
BRDF_Albedo_Band_Mandatory_Quality_Band4_2012303_aid0001,aid0001,2012-10-29,66998,126090
BRDF_Albedo_Band_Mandatory_Quality_Band4_2012304_aid0001,aid0001,2012-10-30,56349,137909
BRDF_Albedo_Band_Mandatory_Quality_Band4_2012305_aid0001,aid0001,2012-10-31,46879,151423
BRDF_Albedo_Band_Mandatory_Quality_Band4_2012306_aid0001,aid0001,2012-11-01,38929,160981
BRDF_Albedo_Band_Mandatory_Quality_Band4_2012307_aid0001,aid0001,2012-11-02,38972,164370
BRDF_Albedo_Band_Mandatory_Quality_Band4_2012308_aid0001,aid0001,2012-11-03,31760,152600
BRDF_Albedo_Band_Mandatory_Quality_Band4_2012309_aid0001,aid0001,2012-11-04,31842,150862
BRDF_Albedo_Band_Mandatory_Quality_Band4_2012310_aid0001,aid0001,2012-11-05,32848,148687
BRDF_Albedo_Band_Mandatory_Quality_Band4_2012311_aid0001,aid0001,2012-11-06,34952,148866
BRDF_Albedo_Band_Mandatory_Quality_Band4_2012312_aid0001,aid0001,2012-11-07,45170,152297
BRDF_Albedo_Band_Mandatory_Quality_Band4_2012313_aid0001,aid0001,2012-11-08,59957,133164
BRDF_Albedo_Band_Mandatory_Quality_Band4_2012314_aid0001,aid0001,2012-11-09,77176,123797
BRDF_Albedo_Band_Mandatory_Quality_Band4_2012315_aid0001,aid0001,2012-11-10,81132,121116
BRDF_Albedo_Band_Mandatory_Quality_Band4_2012316_aid0001,aid0001,2012-11-11,76191,117961
BRDF_Albedo_Band_Mandatory_Quality_Band4_2012317_aid0001,aid0001,2012-11-12,83776,112304
BRDF_Albedo_Band_Mandatory_Quality_Band4_2012318_aid0001,aid0001,2012-11-13,89474,106252
BRDF_Albedo_Band_Mandatory_Quality_Band4_2012319_aid0001,aid0001,2012-11-14,91356,106776
BRDF_Albedo_Band_Mandatory_Quality_Band4_2012320_aid0001,aid0001,2012-11-15,88414,105359
BRDF_Albedo_Band_Mandatory_Quality_Band4_2012321_aid0001,aid0001,2012-11-16,84719,110987
BRDF_Albedo_Band_Mandatory_Quality_Band4_2012322_aid0001,aid0001,2012-11-17,85265,110048
BRDF_Albedo_Band_Mandatory_Quality_Band4_2012323_aid0001,aid0001,2012-11-18,82040,92421
BRDF_Albedo_Band_Mandatory_Quality_Band4_2012324_aid0001,aid0001,2012-11-19,81449,92997
BRDF_Albedo_Band_Mandatory_Quality_Band4_2012325_aid0001,aid0001,2012-11-20,80399,94142
BRDF_Albedo_Band_Mandatory_Quality_Band4_2012326_aid0001,aid0001,2012-11-21,78930,95418
BRDF_Albedo_Band_Mandatory_Quality_Band4_2012327_aid0001,aid0001,2012-11-22,76504,96628
BRDF_Albedo_Band_Mandatory_Quality_Band4_2012328_aid0001,aid0001,2012-11-23,59933,98048
BRDF_Albedo_Band_Mandatory_Quality_Band4_2012329_aid0001,aid0001,2012-11-24,43944,103049
BRDF_Albedo_Band_Mandatory_Quality_Band4_2012330_aid0001,aid0001,2012-11-25,6332,129144
BRDF_Albedo_Band_Mandatory_Quality_Band4_2012331_aid0001,aid0001,2012-11-26,5687,108079
BRDF_Albedo_Band_Mandatory_Quality_Band4_2012332_aid0001,aid0001,2012-11-27,7420,101487
BRDF_Albedo_Band_Mandatory_Quality_Band4_2012333_aid0001,aid0001,2012-11-28,8453,85405
BRDF_Albedo_Band_Mandatory_Quality_Band4_2012334_aid0001,aid0001,2012-11-29,7765,48897
BRDF_Albedo_Band_Mandatory_Quality_Band4_2012335_aid0001,aid0001,2012-11-30,5780,30898
BRDF_Albedo_Band_Mandatory_Quality_Band4_2012336_aid0001,aid0001,2012-12-01,6519,33859
BRDF_Albedo_Band_Mandatory_Quality_Band4_2012337_aid0001,aid0001,2012-12-02,8704,36502
BRDF_Albedo_Band_Mandatory_Quality_Band4_2012338_aid0001,aid0001,2012-12-03,9222,35353
BRDF_Albedo_Band_Mandatory_Quality_Band4_2012339_aid0001,aid0001,2012-12-04,9900,36354
BRDF_Albedo_Band_Mandatory_Quality_Band4_2012340_aid0001,aid0001,2012-12-05,10958,68189
BRDF_Albedo_Band_Mandatory_Quality_Band4_2012341_aid0001,aid0001,2012-12-06,10997,68983
BRDF_Albedo_Band_Mandatory_Quality_Band4_2012342_aid0001,aid0001,2012-12-07,11273,72873
BRDF_Albedo_Band_Mandatory_Quality_Band4_2012343_aid0001,aid0001,2012-12-08,10708,76494
BRDF_Albedo_Band_Mandatory_Quality_Band4_2012344_aid0001,aid0001,2012-12-09,10880,77328
BRDF_Albedo_Band_Mandatory_Quality_Band4_2012345_aid0001,aid0001,2012-12-10,10606,69764
BRDF_Albedo_Band_Mandatory_Quality_Band4_2012346_aid0001,aid0001,2012-12-11,11116,69585
BRDF_Albedo_Band_Mandatory_Quality_Band4_2012347_aid0001,aid0001,2012-12-12,10690,86673
BRDF_Albedo_Band_Mandatory_Quality_Band4_2012348_aid0001,aid0001,2012-12-13,10433,83124
BRDF_Albedo_Band_Mandatory_Quality_Band4_2012349_aid0001,aid0001,2012-12-14,8696,88146
BRDF_Albedo_Band_Mandatory_Quality_Band4_2012350_aid0001,aid0001,2012-12-15,5904,88263
BRDF_Albedo_Band_Mandatory_Quality_Band4_2012351_aid0001,aid0001,2012-12-16,5491,91688
BRDF_Albedo_Band_Mandatory_Quality_Band4_2012352_aid0001,aid0001,2012-12-17,5856,100925
BRDF_Albedo_Band_Mandatory_Quality_Band4_2012353_aid0001,aid0001,2012-12-18,3375,98589
BRDF_Albedo_Band_Mandatory_Quality_Band4_2012354_aid0001,aid0001,2012-12-19,2233,112652
BRDF_Albedo_Band_Mandatory_Quality_Band4_2012355_aid0001,aid0001,2012-12-20,254,111065
BRDF_Albedo_Band_Mandatory_Quality_Band4_2012356_aid0001,aid0001,2012-12-21,268,103597
BRDF_Albedo_Band_Mandatory_Quality_Band4_2012357_aid0001,aid0001,2012-12-22,1555,140257
BRDF_Albedo_Band_Mandatory_Quality_Band4_2012358_aid0001,aid0001,2012-12-23,3096,145192
BRDF_Albedo_Band_Mandatory_Quality_Band4_2012359_aid0001,aid0001,2012-12-24,4387,149816
BRDF_Albedo_Band_Mandatory_Quality_Band4_2012360_aid0001,aid0001,2012-12-25,4320,147052
BRDF_Albedo_Band_Mandatory_Quality_Band4_2012361_aid0001,aid0001,2012-12-26,4714,147494
BRDF_Albedo_Band_Mandatory_Quality_Band4_2012362_aid0001,aid0001,2012-12-27,9600,149954
BRDF_Albedo_Band_Mandatory_Quality_Band4_2012363_aid0001,aid0001,2012-12-28,10392,147284
BRDF_Albedo_Band_Mandatory_Quality_Band4_2012364_aid0001,aid0001,2012-12-29,14005,153463
BRDF_Albedo_Band_Mandatory_Quality_Band4_2012365_aid0001,aid0001,2012-12-30,14191,145132
BRDF_Albedo_Band_Mandatory_Quality_Band4_2012366_aid0001,aid0001,2012-12-31,16123,148581
